brent.pearson.value,brent.pearson.p,brent.spearman.value,brent.spearman.p,wti.pearson.value,wti.pearson.p,wti.spearman.value,wti.spearman.p
-0.4799270759572042,0.009750801160233883,-0.5737020224590355,0.0014137170608504992,-0.43525318401226654,0.020618019685594687,-0.6240757314097047,0.0003867894649308029
