lag_days,pearson_r,p_value
0,-0.4799270759572042,0.009750801160233883
1,-0.3063572980339767,0.12013794315117142
2,-0.41990280262748003,0.032709520235044524
3,-0.36740112905595906,0.07080182709580411
4,-0.470831037753199,0.020224690759942706
5,-0.4168192864840882,0.04785776441288332
