index,0
0,
1,
2,
3,
4,
5,
6,
7,
8,
9,
10,
11,
12,
13,-0.06780957403864761
14,-0.4056831024741075
15,-0.44243916501002334
16,-0.3679701647729193
17,-0.34613408842790805
18,-0.5093029807708219
19,-0.6738800107750014
20,-0.6869016652373048
21,-0.5807852168143911
22,-0.520566751663548
23,-0.584139112828952
24,-0.6297448918495508
25,-0.5675788887890194
26,-0.5727529934387433
27,-0.5705457366783898
