index,0
0,
1,
2,
3,
4,
5,
6,
7,
8,
9,
10,
11,
12,
13,-0.10294700893488466
14,-0.4729622851784751
15,-0.5338309438041748
16,-0.4730532539408621
17,-0.46382224893476826
18,-0.584412766753724
19,-0.6528370828572815
20,-0.6722293764882717
21,-0.4243645571727781
22,-0.47488241948927684
23,-0.46588591576197147
24,-0.4649555618868183
25,-0.31892274367110907
26,-0.31023206466324815
27,-0.3301922400468506
