lag_days,pearson_r,p_value
0,-0.43525318401226654,0.020618019685594687
1,-0.2664970485754001,0.17905056041950415
2,-0.3451336348847219,0.08420217894572113
3,-0.23377863551828312,0.2607062470055729
4,-0.23989180475834349,0.25886749830989225
5,-0.060276789974831185,0.7846958403351434
